dataset,monitor_url,finished_url
0531_1,6cbf0c0a-e119-42d9-9008-369566194824
1003_1,e54a3f83-65a9-4945-89e4-ee2c58c8f124
1048_1,9a351589-e08d-4c01-a33f-c42360442a7b
1058_1,f48e181f-eafc-412a-877e-9ba6b8dcd7f9
1121_1,b5a8b744-8b1b-4a7c-9043-649c30175f2a
1137_1,525f159f-d6a0-448d-9c8e-d63ac846c656
1951_1,a2181c78-3a80-4447-992b-122327853e5a
2016_1,c66b4482-f793-4ea6-ad11-7315c731e31d
2020_1,8c2ab1cf-99cc-4d22-a951-67fbc2d19703
2129_1,8490e5e0-847f-4d90-94f5-1e9baea98b2c
2147_1,7560960a-69eb-4efc-b19f-bb876d848c3d
2190_1,2931786f-8eff-4dcc-95ed-90e131fbe8a1
2230_1,8d8c1e1f-306d-4d4d-bc1a-a5ef63768f2f
2280_1,aacb8cd8-09de-462c-b485-f5deb34741bd
G-2511_1,05536e6d-2f45-44b4-b68b-f26c573f2963
RC-006_1,24d8f317-8ce8-405c-815f-82aa72a13472
RC-074_1,7124d776-54e0-4dcf-a0ec-8dd9e63c8957
RC-102_1,44e53a8b-3d42-42cd-bcd6-e9e548cc9dc8
RC-123_1,17e6f636-b2c6-4fc2-87cb-a70e9c20b6a8
SM-GRN85_1,70ff56f8-0975-41b2-87bf-897756f9f61e
